卡牌编号,名称,系列,颜色,费用,符能,种类,战力,所属传奇,规则
ogn-001,灼焰飞龙,OGN,红色,5,,单位,5,,急速（你可以选择额外支付【1】和【红】，让我以活跃状态进场。）
ogn-002,粗鲁的海盗,OGN,红色,6,,单位,5,,打出我时，你可以选择额外弃置一张手牌以此让我的费用减少【2】。
ogn-003,炼金太保,OGN,红色,2,,单位,2,,强攻2（如果我是进攻方，战力+2。）当你打出我时，弃置一张牌。
ogn-004,顺劈,OGN,红色,1,,法术,,,迅捷(可在你的回合或法术对决中打出。) 让一名单位本回合内获得强攻3。(如果它是进攻方，则战力+3。)
ogn-005,碎裂之火,OGN,红色,4,,法术,,,迅捷（可在你的回合或法术对决中打出。） 对战场上的一名单位造成3点伤害。如果该单位被此法术摧毁，则抽一张牌。
ogn-006,嚼火者手雷,OGN,红色,3,,单位,3,,当你弃置我时，你可以选择支付【红】，改为将我打出到场上。
ogn-007,炽烈符文,OGN,红色,,,符文,,,
ogn-007a,炽烈符文（异画）,OGN,红色,,,符文,,,
ogn-008,罪恶快感,OGN,红色,2,1,法术,,,迅捷(可在你的回合或法术对决中打出。) 弃置1张手牌。对一个位于战场的单位造成等同于被弃置牌费用的伤害。（无视其符能费用。）
ogn-009,海克斯射线,OGN,红色,1,1,法术,,,迅捷(可在你的回合或法术对决中打出。) 对战场上的一名单位造成3点伤害。
ogn-010,军团后卫,OGN,红色,2,,单位,2,,急速（你可以选择额外支付【1】和【红】，让我以活跃状态进场。）
ogn-011,熔浆巨龙,OGN,红色,8,1,单位,8,,当我在场上时，其他友方单位以活跃状态进场
ogn-012,诺克萨斯新兵,OGN,红色,4,,单位,4,,鼓舞：我的费用降低【2】（如果你在本回合内已打出过其他手牌，则发动此效果。）
ogn-013,呸呸魄罗,OGN,红色,2,,单位,2,,法盾(对手必须支付【任意色】才能将我选作法术或技能的目标。)
ogn-014,霹天雳地,OGN,红色,8,1,法术,,,迅捷(可在你的回合或法术对决中打出。) 将我的法力费用减去你所控制单位中的最高战力值，即为打出我所需的法力。 对战场上的一名单位造成5点伤害。
ogn-015,法荣队长,OGN,红色,4,1,单位,5,,此处的其他友方单位获得强攻 。(如果他们是进攻方，则战力+1。)
ogn-016,危险二人组,OGN,红色,3,,单位,3,,鼓舞：当你打出我时，让一名单位本回合内战力+2。(如果你在本回合内已打出过其他卡牌，则发动此效果。)
ogn-017,钢铁弩炮,OGN,红色,3,,装备,,,此牌以休眠状态进场。 休眠：对战场上的一名单位造成2点伤害。
ogn-018,诺克萨斯破坏者,OGN,红色,3,,单位,3,,对手的待命卡牌无法在此处被翻开打出。
ogn-019,肆虐狂魂,OGN,红色,4,,单位,4,,如果你本回合内已经弃置过手牌，则我获得强攻和游走。(如果我是进攻方，则战力+1。我可以向其他战场进行移动。)
ogn-020,垃圾场小霸王,OGN,红色,5,1,单位,5,,鼓舞：当你打出我时，弃置两张手牌，然后抽两张牌。（如果你在本回合内已打出过其他手牌，则发动此效果。）
ogn-021,太阳圆盘,OGN,红色,2,1,装备,,,休眠：鼓舞-你在本回合内打出的下一名单位以活跃状态进场。(如果你在本回合内已打出过其他卡牌，则发动此效果。)
ogn-022,热电光束,OGN,红色,5,2,法术,,,迅捷(可在你的回合或法术对决中打出。) 摧毁所有装备。
ogn-023,来路不明的武器,OGN,红色,2,,装备,,,弃置一张手牌，休眠：选择一名友方单位。在本回合内，当它下次被摧毁时，你可以选择支付【红】，改为以休眠状态将其召回。(把该单位送回基地，此行动不算作移动。)
ogn-024,虚空索敌,OGN,红色,3,1,法术,,,迅捷(可在你的回合或法术对决中打出。) 对战场上的一名单位造成4点伤害，然后抽一张牌。
ogn-025,暴怒冲动,OGN,红色,4,2,法术,,,迅捷(可在你的回合或法术对决中打出。) 每名对手展示其主牌堆顶部的一张牌。你从中选择一张，并当作自己的牌打出，无视费用，然后回收其余的卡牌。
ogn-026,颂雷者-布林希尔,OGN,红色,6,,单位,5,,当你打出我时，对手本回合内不能打出卡牌。
ogn-027,德莱厄斯-崔法利,OGN,红色,5,1,英雄单位,5,德莱厄斯,每当你在回合中打出第二张牌时，让我本回合内战力+2，并让我变为活跃状态。
ogn-027a,德莱厄斯-崔法利（异画）,OGN,红色,5,1,英雄单位,5,德莱厄斯,每当你在回合中打出第二张牌时，让我本回合内战力+2，并让我变为活跃状态。
ogn-028,德莱文-夸耀角斗土,OGN,红色,5,1,英雄单位,3,德莱文,把你的分数加到我的战力上。
ogn-029,星落,OGN,红色,2,2,法术,,,进行两次： 对一名单位造成3点伤害。(可以选择不同的单位。)
ogn-030,金克丝-爆破狂人,OGN,红色,3,1,英雄单位,4,金克丝,急速(你可以选择额外支付1费和【红】，让我以活跃状态进场。) 强攻2(如果我是进攻方，则战力+2。) 当你打出我时，弃置两张手牌。
ogn-030a,金克丝-爆破狂人（异画）,OGN,红色,3,1,英雄单位,4,金克丝,急速 (你可以选择额外支付【1】费和【红】，让我以活跃状态进场。) 强攻2(如果我是进攻方，则战力+2。) 当你打出我时，弃置两张手牌。
ogn-031,狂暴龙怪,OGN,红色,6,1,单位,4,,当你打出我时，你在本回合内打出的下一个法术费用减少【5】。
ogn-032,邪鸦魔典,OGN,红色,3,,装备,,,休眠：你打出的下一个法术造成的伤害+1(每段伤害都+1)。
ogn-033,巧取豪夺,OGN,红色,2,1,法术,,,反应(可在任意时机打出，甚至先于其他法术和技能的结算。) 选择一名敌方单位。除非其控制者选择让你抽两张牌，否则对该单位造成6点伤害。
ogn-034,泰达米尔-凛冽凶蛮,OGN,红色,7,2,英雄单位,8,泰达米尔,当我通过进攻征服一处战场时，如果你给敌方单位造成过不低于5点过量伤害，则你得的分数+1。
ogn-035,薇恩-追猎者,OGN,红色,4,1,英雄单位,2,薇恩,强攻3（如果我是进攻方，则战力+3。） 如果对手已控制任意战场，则我以活跃状态进场。每当我征服一处战场时，你可以选择支付【1】费来让我返回所属的手牌。\n战力: 2
ogn-036,蔚-铲除者,OGN,红色,2,1,英雄单位,3,蔚,游走(我可以向其他战场进行移动。) 你可以从废牌堆回收一张卡牌，然后让我本回合内战力+1(可重复执行)。
ogn-037,不朽凤凰,OGN,红色,3,1,单位,3,,强攻2(如果我是进攻方，则战力+2。) 当你使用法术摧毁一名单位时，你可以选择支付【1】费和【红】，以此从废牌堆中将我打出。
ogn-038,邪焰巨龙-卡德雷格林,OGN,红色,9,2,单位,9,,当你打出我时，你场上每有一名强力单位，就抽一张牌。（战力达到5或以上时，即为强力单位。）
ogn-039,卡莎-九死一生,OGN,红色,4,,英雄单位,4,卡莎,急速(你可以选择额外支付【1】和【红】，让我以活跃状态进场。) 当我征服一处战场时，抽一张牌。
ogn-039a,卡莎-九死一生（异画）,OGN,红色,4,,英雄单位,4,卡莎,急速(你可以选择额外支付【1】和【红】，让我以活跃状态进场。) 当我征服一处战场时，抽一张牌。
ogn-040,愤怒之印,OGN,红色,0,1,装备,,,横置：反应-获得【红】，用以支付符能费用。(获得费用资源的技能无法成为其他法术的反应目标。)
ogn-041,沃利贝尔-震怒天声,OGN,红色,10,2,英雄单位,10,沃利贝尔,法盾2(对手必须额外支付【任意色】【任意色】才能将我选为法术或技能的目标。) 当我进攻时，对此处的敌方单位造成共计5点伤害，可在多名敌方单位之间分摊。
ogn-041a,沃利贝尔-震怒天声（异画）,OGN,红色,10,2,英雄单位,10,沃利贝尔,法盾2(对手必须额外支付【任意色】【任意色】才能将我选为法术或技能的目标。) 当我进攻时，对此处的敌方单位造成共计5点伤害，可在多名敌方单位之间分摊。
ogn-042,翠意符文,OGN,绿色,,,符文,,,
ogn-042a,翠意符文（异画）,OGN,绿色,,,符文,,,
ogn-043,魅惑妖术,OGN,绿色,1,1,法术,,,移动一名敌方单位。
ogn-044,小小守护者,OGN,绿色,2,,单位,2,,打出我时，你可以选择额外支付【绿】符文来抽一张牌。
ogn-045,蔑视,OGN,绿色,1,1,法术,,,反应（可在任意时机打出，甚至先于其它法术和技能的结算。） 无效化一个法术，但其费用不得高于4费，也不得高于【任意色】
ogn-046,决斗架势,OGN,绿色,1,,法术,,,反应(可在任意时机打出，甚至先于其他法术和技能的结算。) 让一名友方单位本回合内战力+1，如果它是你在该处唯一控制的单位，则它本回合内额外获得战力+1。
ogn-047,御衡守念,OGN,绿色,3,,法术,,,迅捷(可在你的回合或法术对决中打出。) 如果对手得分距离胜利得分不超过3分，则此法术的费用减少【2】。抽一张牌，然后召出一枚休眠的符文。
ogn-048,冥想,OGN,绿色,2,,法术,,,反应（可在任意时机打出，甚至先于其它法术和技能的结算。） 抽一张牌。你可以选择让一名友方单位变为休眠状态作为额外费用，以此再抽一张牌。
ogn-049,贪玩的小鬼,OGN,绿色,5,,单位,5,,“这些玩具真容易坏。”
ogn-050,符文禁锢,OGN,绿色,2,1,法术,,,迅捷 (可在你的回合或法术对决中打出。) 眩晕一个单位。
ogn-051,烈阳盾卫,OGN,绿色,3,,单位,2,,当你打出我时，眩晕一名单位。(使其在本回合内无法造成战斗伤害。)
ogn-052,强强魄罗,OGN,绿色,2,,单位,2,,坚守(如果我是防守方，则战力+1。)
ogn-053,秘奥义！慈悲度魂落,OGN,绿色,3,,法术,,,待命(支付【任意色】正面朝下放置此牌，之后可支付【0】费将其当作反应牌打出。) 迅捷(可在你的回合或法术对决中打出。) 给予一名友方单位增益。(如果该单位未拥有增益，则获得一个战力+1增益。)在本回合内，所有增益可额外给予友方单位战力+1。
ogn-054,日耀卫队,OGN,绿色,3,,单位,3,,坚守(如果我是防守方，则战力+1。) 璧垒(我在战斗中首先承担伤害。)
ogn-055,驭水者,OGN,绿色,3,,单位,2,,如果沃独自进攻或防守一处战场，则我获得战力+2
ogn-056,自适应机器人,OGN,绿色,4,,单位,3,,当我征服一处战场时，你可以选择摧毁一件装备，以此给予我增益。(如果我未拥有增益则获得一个战力+1增益。)
ogn-057,格挡,OGN,绿色,2,,法术,,,待命(支付【任意色】正面朝下放置此牌，之后可支付【0】费将其当作反应牌打出。) 迅捷(可在你的回合或法术对决中打出。) 让一名单位在本回合内获得坚守3和壁垒(如果它是防守方，则战力+3。它在战斗中首先承担伤害。)
ogn-058,训练有素,OGN,绿色,2,,法术,,,反应（可在任意时机打出，甚至先于其它法术和技能结算。） 让一名单位在本回合内战力+2，然后抽一张牌。
ogn-059,星蚀先锋,OGN,绿色,7,1,单位,7,,每当你眩晕一名敌方单位时，让我变为活跃状态，且本回合战力+1。
ogn-060,远见面具,OGN,绿色,2,,装备,,,每当一名友方单位独自进攻或防守时，让其本回合内战力+1。
ogn-061,魄罗牧者,OGN,绿色,3,1,单位,3,,当你打出我时，如果你场上拥有“魄罗”属性单位，则给予我增益并抽一张牌。(如果我未拥有增益，则获得一个战力+1增益。)
ogn-062,增援,OGN,绿色,5,,法术,,,查看主牌堆顶部的五张牌，你可以从中选择一名单位，将它的法力费用减少【5】后打出，然后回收其余卡牌。
ogn-063,奥义！魂佑,OGN,绿色,2,1,装备,,,当你打出此牌时，给予一名友方单位增益。(如果该单位未拥有增益，则获得一个战力+1增益。) 所有拥有增益的友方单位如未拥有法盾则额外获得法盾。(对手必须支付【任意色】才能将其选作法术或技能的目标。)
ogn-064,风之障壁,OGN,绿色,3,2,法术,,,反应（可在任意时机打出，甚至先于其它法术和技能的结算。） 无效化一个法术。
ogn-065,睿智长者,OGN,绿色,4,,单位,4,,如果我拥有增益，则我额外获得战力+1。
ogn-066,阿狸-嫣然狐媚,OGN,绿色,5,1,英雄单位,4,阿狸,当我据守一处战场时，你获得的分数+1。
ogn-066a,阿狸-嫣然狐媚（异画）,OGN,绿色,5,1,英雄单位,4,阿狸,当我据守一处战场时，你获得的分数+1。
ogn-067,布里茨-钢铁意志,OGN,绿色,5,1,英雄单位,5,布里茨,壁垒(我在战斗中首先承担伤害。) 每当你将我打出到一处战场时，你可以选择移动任意一名敌方单位到此处。 当我据守一处战场时，把我送回所属的手牌。
ogn-068,凯特琳-守望者,OGN,绿色,3,1,英雄单位,3,凯特琳,我在战斗中最后承担伤害。 横置：对任意战场中的一个敌方单位造成等同于我战力的伤害。我必须位于战场中才能使用此技能。
ogn-069,背水一战,OGN,绿色,3,1,法术,,,迅捷(可在你的回合或法术对决中打出。) 让一名友方单位在本回合内战力翻倍，并让其变为瞬息 。(在你下个回合开始阶段，结算得分之前将其摧毁。)
ogn-070,搜魔人典狱长,OGN,绿色,6,1,单位,5,,如果我位于战场上，则对手只能把单位打到自己的基地。如果我位于战场上，则禁止敌方单位和装备通过法术或技能效果变为活跃状态。
ogn-071,次元门狂欢,OGN,绿色,3,,法术,,,让除你之外的其他玩家选择“卡牌”或“符文”。 每有一名玩家选择“卡牌”，你和该玩家便各抽一张牌; 每有一名玩家选择“符文”，你和该玩家便召出一枚休眠的符文。
ogn-072,烈阳圣坛,OGN,绿色,3,,装备,,,每当你摧毁一名被眩晕的敌方单位时，你可以选择让此牌变为休眠状态，以此抽一张牌。
ogn-073,娑娜-清心谐律,OGN,绿色,4,1,英雄单位,4,娑娜,在你的回合结束时，如果我位于战场上，则让四枚友方符文变为活跃状态。
ogn-074,塔里克-坚盾,OGN,绿色,4,1,英雄单位,4,塔里克,坚守（如果我是防守方，则战力+1。） 璧垒（我在战斗中首先承担伤害。） 此处的其他友方单位获得坚守。
ogn-075,美味仙灵,OGN,绿色,7,,单位,6,,急速(你可以选择额外支付【1】和【绿】让我以活跃状态进场。) 绝念-召出两枚休眠的符文，再抽一张牌。(当我被摧毁后，发动此效果。)
ogn-076,亚索-迷途怅惘,OGN,绿色,6,2,英雄单位,6,亚索,当我进攻时，对此处的一名敌方单位造成等同于我战力的伤害。
ogn-076a,亚索-迷途怅惘（异画）,OGN,绿色,6,2,英雄单位,6,亚索,当我进攻时，对此处的一名敌方单位造成等同于我战力的伤害。
ogn-077,中娅沙漏,OGN,绿色,2,,装备,,,待命 (支付【任意色】正面朝下放置此牌，之后可支付【0】费将其当作反应牌打出。) 下一次当友方单位被摧毁时，改为将此牌摧毁，然后以休眠状态将该单位召回。(把该单位送回基地，此行动不算作移动。)
ogn-078,李青-苦修者,OGN,绿色,5,1,英雄单位,5,李青,坚守(如果我是防守方，则战力+1。) 横置：给予我增益。(我获得一个战力+1增益。) 我可以拥有不限数量的增益。
ogn-078a,李青-苦修者（异画）,OGN,绿色,5,1,英雄单位,5,李青,坚守(如果我是防守方，则战力+1。) 横置：给予我增益。(我获得一个战力+1增益。) 我可以拥有不限数量的增益。
ogn-079,蕾欧娜-献身者,OGN,绿色,6,1,英雄单位,6,蕾欧娜,如果对手的得分距离胜利得分不超过3分，则我以活跃状态进场。 此处被眩晕的敌方单位战力-8，不得低于1。
ogn-079a,蕾欧娜-献身者（异画）,OGN,绿色,6,1,英雄单位,6,蕾欧娜,如果对手的得分距离胜利得分不超过3分，则我以活跃状态进场。 此处被眩晕的敌方单位战力-8，不得低于1。
ogn-080,倒转神通,OGN,绿色,4,3,法术,,,反应(可在任意时机打出，甚至先于其他法术和技能的结算。) 获得一个法术的控制权。你可以选择为其指定新的目标。
ogn-081,专注之印,OGN,绿色,0,1,装备,,,横置：反应-获得【绿】，用以支付符能费用。（获得费用资源的技能无法成为其他法术的反应目标。）
ogn-082,苍炎守护者,OGN,绿色,8,2,单位,8,,当你打出我时，让一名单位本回合内战力+8。
ogn-083,借鉴历史,OGN,蓝色,4,,法术,,,待命(支付【任意色】正面朝下放置此牌，之后可支付【0】费将其当作反应牌打出。) 反应(可在任意时机打出，甚至先于其他法术和技能的结算。) 抽两张牌。
ogn-084,踊跃的学徒,OGN,蓝色,3,,单位,3,,如果我位于战场上，则你打出法术所需的法力费用减少【1】费，不得低于【1】费。
ogn-085,彗星坠击,OGN,蓝色,5,,法术,,,迅捷（可在你的回合或法术对决中打出。) 对战场上的一名单位造成6点伤害。
ogn-086,宝石巨像,OGN,蓝色,5,,单位,5,,预知(当你打出我时，查看主牌堆顶部的一张牌，你可以选择将其回收。) 坚守 (如果我是防守方，则战力+1。)
ogn-087,约德尔教官,OGN,蓝色,3,,单位,2,,壁垒(我在战斗中首先承担伤害。) 当你打出我时，抽一张牌。
ogn-088,超能机甲,OGN,蓝色,7,,单位,8,,机甲战斗只有两条规则。一:不许作弊。 二:作弊时别被抓到。
ogn-089,灵光符文,OGN,蓝色,,,符文,,,
ogn-089a,灵光符文（异画,OGN,蓝色,,,符文,,,
ogn-090,懊悔法球,OGN,蓝色,1,,装备,,,休眠：让一名单位在本回合内战力-1，不得低于1战力。
ogn-091,竞技场勤务小队,OGN,蓝色,3,,单位,3,,当你打出一件装备时，让我变为活跃状态。
ogn-092,怒海大鲨炮,OGN,蓝色,6,,单位,6,,当你打出我时，对战场上的一名敌方单位造成6点伤害。
ogn-093,烟幕弹,OGN,蓝色,2,1,法术,,,反应(可在任意时机打出，甚至先于其他法术和技能的结算。) 让一名单位在本回合内战力-4，不得低于1战力。
ogn-094,精灵召唤,OGN,蓝色,3,,法术,,,待命(支付【任意色】正面朝下放置此牌，之后可支付【0】费将其当作反应牌打出。) 迅捷(可在你的回合或法术对决中打出。) 打出一个处于活跃状态的3战力“精灵”，它拥有瞬息 。(在其控制者的下个回合开始阶段，结算得分之前将其摧毁。)
ogn-095,“敲”诈,OGN,蓝色,1,,法术,,,反应（可在任意时机打出，甚至先于其它法术和技能的结算。） 让一名单位在本回合内战力-1，不得低于1战力。抽一张牌。
ogn-096,警觉的哨兵,OGN,蓝色,2,,单位,1,,绝念：抽一张牌。（当我被摧毁后，发动此效果。）
ogn-097,爆裂球果仙灵,OGN,蓝色,2,,单位,2,,待命(支付【任意色】正面朝下放置此牌，之后可支付【0】费将其当作反应牌打出。)当你打出我时，让一名单位本回合内战力-2，不得低于1战力。
ogn-098,能量通道,OGN,蓝色,3,,装备,,,力竭：反应-获得【1】用以支付法力费用。(获得费用资源的技能无法成为其他法术的反应目标。)
ogn-099,拾荒小能手,OGN,蓝色,2,,装备,,,从你的弃牌堆回收3张卡牌，【1】费，横置：抽1张牌。
ogn-100,宝石真知者,OGN,蓝色,3,1,单位,3,,预知(当你打出我时，查看主牌堆顶部的一张牌，你可以选择将其回收。) 其他友方单位获得预知。
ogn-101,蘑菇袋,OGN,蓝色,2,,装备,,,在你的回合开始阶段，如果你在战场上控制着一张正面朝下的待命牌，则抽一张牌。
ogn-102,传送门大营救,OGN,蓝色,3,1,法术,,,迅捷(可在你的回合或法术对决中打出。) 放逐一名友方单位，然后让其拥有者将它打出到其所属的基地，无视费用。
ogn-103,拉文布鲁姆学生,OGN,蓝色,2,,单位,2,,每当你打出一张法术牌时，让我本回合内战力+1。
ogn-104,择日再战,OGN,蓝色,1,,法术,,,反应(可在任意时机打出，甚至先于其他法术和技能的结算。) 让一名友方单位返回其所属的手牌，然后让其拥有者召出一枚休眠的符文。
ogn-105,星芒凝汇,OGN,蓝色,6,2,法术,,,对最多两名单位各造成6点伤害。
ogn-106,精灵之母,OGN,蓝色,4,1,单位,3,,当你打出我时，在此处打出一个处于活跃状态的3战力“精灵”，它拥有瞬息(在其控制者的下个回合开始阶段，结算得分之前将其摧毁。)
ogn-107,斥候标兵-艾娃,OGN,蓝色,5,,单位,4,,当我进攻时，你可以选择支付【蓝】，以此从你的手牌中正面朝上打出一张带有 待命技能的卡牌，无视费用。
ogn-108,聚合变异,OGN,蓝色,2,,法术,,,反应 (可在任意时机打出，甚至先于其他法术和技能的结算。) 选择一名友方单位。如果其战力低于另一名友方单位，则让其在本回合内变为后者的战力。
ogn-109,蒙多医生-主治大夫,OGN,蓝色,8,2,英雄单位,6,蒙多医生,提升我的战力，数值等同于你废牌堆的卡牌数量。 在你的回合开始阶段，从废牌堆中回收三张牌。
ogn-110,艾克-溯时洄光,OGN,蓝色,5,1,英雄单位,5,艾克,急速(你可以选择额外支付【1】费和【蓝】，让我以活跃状态进场。) 绝念：回收我，以此让你的所有符文变为活跃状态。(当我被摧毁后，发动此效果。)
ogn-111,黑默丁格-发明家,OGN,蓝色,3,1,英雄单位,3,黑墨丁格,我拥有场上其他友方传奇、单位、装备卡牌的所有横置技能。
ogn-112,卡莎-蜕变者,OGN,蓝色,6,1,英雄单位,6,卡莎,游走(我可以向其也战场进行移动。) 当我征服一处战场时，你可以选择从废牌堆中打出一张法力费用低于你当前分数的法术牌，无需支付其法力费用，然后将其回收(仍需支付所有符能费用)。
ogn-112a,卡莎-蜕变者（异画）,OGN,蓝色,6,1,英雄单位,6,卡莎,游走(我可以向其也战场进行移动。) 当我征服一处战场时，你可以选择从废牌堆中打出一张法力费用低于你当前分数的法术牌，无需支付其法力费用，然后将其回收(仍需支付所有符能费用)。
ogn-113,玛尔扎哈-狂热信徒,OGN,蓝色,4,,英雄单位,3,玛尔扎哈,摧毁一个友方单位或装备，横置：迅捷-获得【任意色】【任意色】，用以支付符能费用。(可在你的回合或法术对决中打出。获得费用资源的技能无法成为其他法术的反应目标。)
ogn-114,进化日,OGN,蓝色,6,1,法术,,,抽四张牌。
ogn-115,光明未来,OGN,蓝色,5,1,法术,,,每名玩家可以查看主牌堆顶部的五张牌，从中选择一张，然后回收其余的卡牌。 从下一名玩家开始，每名玩家打出这些卡牌，并无视其法力费用(仍需支付所需符能费用)。
ogn-116,千尾监视者,OGN,蓝色,7,1,单位,7,,急速(你可以选择额外支付【1】和【蓝】让我以活跃状态进场。) 当你打出我时，让所有敌方单位本回合内战力-3，不得低于1战力。
ogn-117,维克托-创见先驱,OGN,蓝色,4,1,英雄单位,3,维克托,每当你在对手的回合内打出一张卡牌时，额外打出一名1战力 的“随从”到你的基地。
ogn-117a,维克托-创见先驱（异画）,OGN,蓝色,4,1,英雄单位,3,维克托,每当你在对手的回合内打出一张卡牌时，额外打出一名1战力 的“随从”到你的基地。
ogn-118,残响之魂,OGN,蓝色,6,1,单位,5,,每回合首次：当你的友方单位被摧毁时，抽一张牌。
ogn-119,阿狸-天真绮梦,OGN,蓝色,3,1,英雄单位,3,阿狸,当我进攻或防守时，让此处的一名敌方单位在本回合内战力-2，不得低于1战力。
ogn-119a,阿狸-天真绮梦（异画）,OGN,蓝色,3,1,英雄单位,3,阿狸,当我进攻或防守时，让此处的一名敌方单位在本回合内战力-2，不得低于1战力。
ogn-120,洞察之印,OGN,蓝色,0,1,装备,,,横置：反应-获得【蓝】，用以支付能费用。（获得费用资源得技能无法成为其他法术得反应目标。）
ogn-121,提莫-军事家,OGN,蓝色,2,1,英雄单位,2,提莫,待命(支付【任意色】正面朝下放置此牌，之后可支付【0】费将其当作反应牌打出。) 当我防守一处战场、或从正面朝下的待命状态中打出时，展示你主牌堆顶部的五张牌，当中每有一张带有待命技能的卡牌，就对此处的一名敌方单位造成1点伤害，然后将展示的牌回收。
ogn-121a,提莫-军事家（异画）,OGN,蓝色,2,1,英雄单位,2,提莫,待命(支付【任意色】正面朝下放置此牌，之后可支付【0】费将其当作反应牌打出。) 当我防守一处战场、或从正面朝下的待命状态中打出时，展示你主牌堆顶部的五张牌，当中每有一张带有待命技能的卡牌，就对此处的一名敌方单位造成1点伤害，然后将展示的牌回收。
ogn-122,时间扭曲,OGN,蓝色,10,4,法术,,,在当前回合结束后，再进行一个回合，然后放逐此牌。
ogn-123,过载能量,OGN,蓝色,7,2,法术,,,让所有友方单位变成休眠状态，然后对所有战线上的单位各造成12点伤害。
ogn-124,竞技场酒吧,OGN,橙色,3,,装备,,,横置：给予一名休眠的友方单位增益。（如果该单位未拥有增益，则获得一个战力+1增益。）
ogn-125,比尔吉沃特恶霸,OGN,橙色,6,,单位,6,,如果我拥有增益，则我获得游走。(我可以向其他战场进行移动。)
ogn-126,摧破符文,OGN,橙色,,,符文,,,
ogn-126a,摧破符文（异画）,OGN,橙色,,,符文,,,
ogn-127,加农炮幕,OGN,橙色,2,1,法术,,,反应(可在任意时机打出，甚至先于其他法术和技能的结算。) 对战斗中的所有敌方单位各造成2点伤害。
ogn-128,决斗,OGN,橙色,2,1,法术,,,迅捷（可在你的回合或法术对决中打出）选择任意一名友方和一名敌方单位，让这两名单位以自身战力给对方造成伤害。
ogn-129,迎敌号令,OGN,橙色,2,,法术,,,迅捷（可在你的回合或法术对决中打出。） 在本回合内，你打出的所有单位以活跃状态进场。抽一张牌。
ogn-130,神射海盗,OGN,橙色,3,,单位,3,,当我进攻时，对此处的一名敌方单位造成1点伤害。
ogn-131,沙丘亚龙,OGN,橙色,5,,单位,5,,当我进攻时，如果此处有处于活跃状态的敌方单位，则让我战力+2。
ogn-132,大副,OGN,橙色,3,,单位,3,,当你打出我时，让另一名单位变为活跃状态。
ogn-133,剑刃飓风,OGN,橙色,1,,法术,,,反应(可在任意时机打出，甚至先于其他法术和技能的结算。) 对所有战场上的单位各造成1点伤害，不分敌我。
ogn-134,动员,OGN,橙色,2,,法术,,,召出一枚休眠的符文。如果你无法达成，则抽一张牌。
ogn-135,帕卡幼崽,OGN,橙色,3,,单位,3,,待命(支付【任意色】正面朝下放置此牌，之后可支付【0】将其当作反应牌打出。)
ogn-136,竞技场新人,OGN,橙色,2,,单位,2,,当你打出我时，给予另一名友方单位增益。(如果该单位未拥有增益，则获得一个战力+1增益。)
ogn-137,雷爪氏族熊人,OGN,橙色,7,,单位,6,,壁垒(我在战斗中首先承担伤害。) 当你打出我时，额外打出一张休眠的符文。
ogn-138,万世催化石,OGN,橙色,4,,法术,,,召出两枚休眠的符文。如果你无法以此方式召出两枚符文，则抽一张牌
ogn-139,云丛的希思莉亚,OGN,橙色,2,,单位,1,,每当你打出另一名单位时，给予我增益。如果我未拥有增益，则获得一个战力+1增益。
ogn-140,唤龙使者,OGN,橙色,4,,单位,3,,你的“龙”属性单位法力费用减少【2】费，不得低于【1】费。
ogn-141,均衡僧侣,OGN,橙色,4,1,单位,4,,当你打出我时，给予其他两名友方单位增益。(每名未拥有增益的单位获得一个战力+1增益。)
ogn-142,山脉亚龙,OGN,橙色,9,,单位,10,,干百年来，学者们从未在巨龙行为学的问题上达成共识，除了一条：若在近距离观察到巨龙。。。还是先跑吧。
ogn-143,海盗避风港,OGN,橙色,3,,装备,,,每当你让一名友方单位变为活跃状态时，让其本回合内战力+1。
ogn-144,以战养战,OGN,橙色,4,1,法术,,,反应(可在任意时机打出，甚至先于其他法术和技能的结算。) 如果本回合内有一名敌方单位被摧毁，则此牌的费用减少【2】。 抽两张牌。
ogn-145,坚毅不倒,OGN,橙色,1,,法术,,,反应(可在任意时机打出，甚至先于其他法术和技能的结算。) 无效化本回合内所有法术或技能的伤害。
ogn-146,痛殴,OGN,橙色,2,,法术,,,迅捷(可在你的回合或法术对决中打出。) 当你打出此牌时，你可以选择消耗一个增益作为额外费用，以此无视此法术的费用。 让一名单位变为活跃状态。
ogn-147,野爪萨满,OGN,橙色,,,单位,3,,当你打出我时，你可以选择消耗一个增益以此给予我增益并让我变为活跃状态。（如果我未拥有增益，则获得一个战力+1增益。）
ogn-148,艾尼维亚-初始啼鸣,OGN,橙色,7,2,英雄单位,8,艾尼维亚,当我进攻时，对此处的所有敌方单位各造成3点伤害。
ogn-149,食肉蛇藤,OGN,橙色,5,2,单位,6,,当你打出我时，选择任意战场上的一名敌方单位，让我和这名单位相互以自身战力给对方造成伤害。
ogn-150,海妖猎手,OGN,橙色,3,2,单位,5,,急速(你可以选择额外支付【1】费和【橙】，让我以活跃状态进场。) 强攻(如果我是进攻方，则战力+1。) 当你打出我时，可以选择消耗任意数量的增益作为额外费用。每消耗一个增益，就让我的费用减少【橙】。
ogn-151,李青-不怒自威,OGN,橙色,6,,英雄单位,6,李青,急速 (你可以选择额外支付【1】和【橙】，让我以活跃状态进场。) 我所在战场上其他拥有增益的友方单位获得战力+2。
ogn-151a,李青-不怒自威（异画）,OGN,橙色,6,,英雄单位,6,李青,急速 (你可以选择额外支付【1】和【橙】，让我以活跃状态进场。) 我所在战场上其他拥有增益的友方单位获得战力+2。
ogn-152,雾临剑冢,OGN,橙色,3,,装备,,,每当你给予一名友方单位增益时，你可以选择支付【橙】让此牌变为休眠状态，以此让该单位变为活跃状态。
ogn-153,公开行动,OGN,橙色,5,2,法术,,,迅捷(可在你的回合或法术对决中打出。) 你可以选择任意数量拥有增益的友方单位，消耗他们身上的增益，以此让他们变为活跃状态。然后，给予所有友方单位增益。(每名未拥有增益的单位获得一个战力+1增益。)
ogn-154,洪荒巨力,OGN,橙色,4,1,法术,,,迅捷 (可在你的回合或法术对决中打出。) 让一名单位在本回合内战力+7。
ogn-155,奇亚娜-所向披靡,OGN,橙色,4,1,英雄单位,4,奇亚娜,法盾(对手必须支付【任意色】才能将我选作法术或技能的目标。) 当我征服一处战场时，抽一张牌或召出一枚休眠的符文。
ogn-156,暗中破坏,OGN,橙色,1,1,法术,,,指定一名对手，让其展示手牌，并从中选择一张非单位卡牌，让对手将其回收。
ogn-157,乌迪尔-荒野化身,OGN,橙色,6,1,英雄单位,6,乌迪尔,消耗我的增益：从以下中选择一个你本回合内尚未选过的效果 ·对战场上的一名单位造成2点伤害。 ·眩晕战场上的一名单位。 ·让我变为活跃状态。 ·让我本回合内获得游走。
ogn-158,沃利贝尔-雄浑巨力,OGN,橙色,12,2,英雄单位,10,沃利贝尔,坚守3(如果我是防守方，则战力+3。) 壁垒(我在战斗中首先承担伤害。) 每当对手移动单位到我不在的其他战场时，你抽一张牌。(基地不算作战场。)
ogn-158a,沃利贝尔-雄浑巨力（异画）,OGN,橙色,12,2,英雄单位,10,沃利贝尔,坚守3(如果我是防守方，则战力+3。) 壁垒(我在战斗中首先承担伤害。) 每当对手移动单位到我不在的其他战场时，你抽一张牌。(基地不算作战场。)
ogn-159,沃里克-追猎者,OGN,橙色,6,1,英雄单位,5,沃里克,我以活跃状态进场。 当我进攻时，摧毁此处所有已受伤的敌方单位。
ogn-160,闪耀极光,OGN,橙色,9,2,装备,,,在你的回合即将结束时，从主牌堆顶部开始逐一展示卡牌，直到翻出一名单位为止，然后将其打出，无视费用，并回收其余的卡牌。
ogn-161,亡花掠食者,OGN,橙色,8,2,单位,8,,法盾(对手必须支付【任意色】才能将我作为法术或技能的目标。)你可以选择将我打出到敌方控制的战场。
ogn-162,厄运小姐-船长,OGN,橙色,5,1,英雄单位,5,厄运小姐,急速(你可以选择额外支付1费和【橙】，让我以活跃状态进场。) 游走(我可以向其他战场进行移动。) 每回合首次：当我移动时，让一个其他休眠的物体变为活跃状态(包括传奇和符文)。
ogn-162a,厄运小姐-船长（异画）,OGN,橙色,5,1,英雄单位,5,厄运小姐,急速(你可以选择额外支付1费和【橙】，让我以活跃状态进场。) 游走(我可以向其他战场进行移动。) 每回合首次：当我移动时，让一个其他休眠的物体变为活跃状态(包括传奇和符文)。
ogn-163,力量之印,OGN,橙色,0,1,装备,,,横置：反应-获得【橙】，用以支付符能费用。(获得费用资源的技能无法成为其他法术的反应目标。)
ogn-164,瑟提-铁拳,OGN,橙色,5,1,英雄单位,4,瑟提,当我被打出时、或当我征服一处战场时，给予我增益。（如果我未拥有增益，则获得一个战力+1增益。） 消耗我的增益：让我本回合内战力+4。
ogn-164a,瑟提-铁拳（异画）,OGN,橙色,5,1,英雄单位,4,瑟提,当我被打出时、或当我征服一处战场时，给予我增益。（如果我未拥有增益，则获得一个战力+1增益。） 消耗我的增益：让我本回合内战力+4。
ogn-165,牧灵犬,OGN,紫色,3,1,单位,3,,当你打出我时，让一名单位从你的废牌堆返回手牌。
ogn-166,混沌符文,OGN,紫色,,,符文,,,
ogn-166a,混沌符文（异画）,OGN,紫色,,,符文,,,
ogn-167,余火修士,OGN,紫色,4,,单位,4,,每当你将一张牌从正面朝下的待命状态中打出时，让我本回合内战力+2。
ogn-168,战或逃,OGN,紫色,2,,法术,,,待命（支付【任意色】正面朝下放置此牌，之后可支付【0】费将其当作反应牌打出。） 迅捷（可在你的回合或法术对决中打出。） 将一名单位从战场上移动到其所属的基地。
ogn-169,罡风,OGN,紫色,1,,法术,,,反应（可在任意时机打出，甚至先于其它法术和技能的结算。） 让战场上的一名不高于3战力的单位返回其所属的手牌。
ogn-170,亡者复生,OGN,紫色,2,,法术,,,迅捷（可在你的回合或法术对决中打出。） 让你废牌堆里的一名单位返回手牌。
ogn-171,叨叨魄罗,OGN,紫色,2,,单位,2,,预知(当你打出我时，查看主牌堆顶部的一张牌，你可以选择将其回收。)
ogn-172,责退,OGN,紫色,2,2,法术,,,迅捷（可在你的回合或法术对决中打出。） 让一名战场上的单位返回其所属的手牌。
ogn-173,驭风而行,OGN,紫色,2,1,法术,,,迅捷(可在你的回合或法术对决中打出。) 移动一名友方单位，然后让其变为活跃状态。
ogn-174,大塞斥候,OGN,紫色,6,,单位,5,,预知(当你打出我时，查看主牌堆顶部的一张牌，你可以选择将其回收。) 你可以选择将我打出到一处开放的战场。
ogn-175,船坞潜伏者,OGN,紫色,3,,单位,3,,她说自己是“码头海盗”时，笑的人很多，活下来的却没几个
ogn-176,鬼祟的水手,OGN,紫色,3,,单位,2,,你可以选择将我打出到一处开放的战场。
ogn-177,隐秘追踪者,OGN,紫色,4,,单位,4,,每当有友方单位从我的位置向别处移动时，我可以选择跟随它一起移动。
ogn-178,卧底特工,OGN,紫色,5,1,单位,5,,绝念-弃置两张手牌，然后抽两张牌(当我被摧毁后，发动此效果。)
ogn-179,折戟再战,OGN,紫色,1,,法术,,,迅捷(可在你的回合或法术对决中打出。) 每名玩家摧毁自己的一件装备。
ogn-180,逝水如镜,OGN,紫色,4,1,法术,,,让一名战场上的单位或一件装备变为瞬息 。(在其控制者的下个回合开始阶段，结算得分之前将其摧毁。)
ogn-181,奇妙行囊,OGN,紫色,2,,装备,,,横置：让另一张友方装备、单位或待命卡牌返回其所属的手牌。
ogn-182,废料堆,OGN,紫色,2,,装备,,,当此牌被打出、弃置或摧毁时，抽一张牌。
ogn-183,卡牌骗术,OGN,紫色,1,,法术,,,迅捷(可在你的回合或法术对决中打出。) 查看你主牌堆顶部的三张牌。选择其中一张加入手牌，并回收其余的卡牌。
ogn-184,塞壬号,OGN,紫色,2,,装备,,,支付【1】，休眠：将战场上的一名友方单位移动到其所属的基地。
ogn-185,旅行商人,OGN,紫色,2,,单位,2,,每当我移动时，弃置一张手牌，然后抽一张牌。
ogn-186,无主宝藏,OGN,紫色,2,,装备,,,当此牌离场时，抽一张牌，然后召出一枚休眠的符文。 支付【紫】，休眠：摧毁此牌。
ogn-187,飓风席卷,OGN,紫色,4,1,法术,,,从下一名玩家开始，每名玩家可以选择让一名单位返回其所属的手牌。
ogn-188,祖安保镖,OGN,紫色,4,2,单位,2,,当你打出我时，让另一名单位从战场上返回其所属的手牌。
ogn-189,凯隐-巨镰奔扬,OGN,紫色,6,1,英雄单位,6,凯隐,游走(我可以向其他战场进行移动。) 在本回合内，如果我移动了两次，则我免疫伤害。
ogn-190,克格莫-腐蚀巨口,OGN,紫色,3,1,英雄单位,1,克格莫,绝念-对我所处战场上的所有单位各造成4点伤害。(当我被推毁后，发动此效果。)
ogn-191,疯狂海寇,OGN,紫色,5,,单位,4,,壁垒(我在战斗中首先承担伤害。) 当你打出我时，将一名单位从战场上移动到其所属的基地。
ogn-192,辟心玄龙,OGN,紫色,7,2,单位,7,,当你打出我时，让一名对手展示手牌，然后从中选择一张，让对手将其弃置。
ogn-193,厄运小姐-海盗,OGN,紫色,4,1,英雄单位,4,厄运小姐,你可以选择将我打出到一处开放的战场。当我在场上时，你可以选择将友方单位打出到一处开放的战场。
ogn-193a,厄运小姐-海盗（异画）,OGN,紫色,4,1,英雄单位,4,厄运小姐,你可以选择将我打出到一处开放的战场。当我在场上时，你可以选择将友方单位打出到一处开放的战场。
ogn-194,魔腾-惊魂夜,OGN,紫色,4,1,英雄单位,4,魔腾,游走(我可以向其他战场进行移动。) 当你查看主牌堆顶部的卡牌(不是抽牌)并看到我时，可以选择支付【任意色】将我打出。
ogn-195,裂魂者喇煞,OGN,紫色,10,1,单位,6,,你的废牌堆中每有一张牌，我的费用便减【1】。
ogn-196,咂魂者,OGN,紫色,8,2,单位,5,,当你打出我时，你可以选择从废牌堆中打出一名单位，无视其法力费用(仍需支付所有符能费用)。
ogn-197,提莫-斥候,OGN,紫色,2,,英雄单位,1,提莫,待命(支付【任意色】正面朝下放置此牌，之后可支付【0】费将其当作反应牌打出。) 当你打出我时，让我本回合内战力+3。 “提莫队长正在待命！”
ogn-197a,提莫-斥候（异画）,OGN,紫色,2,,英雄单位,1,提莫,待命(支付【任意色】正面朝下放置此牌，之后可支付【0】费将其当作反应牌打出。) 当你打出我时，让我本回合内战力+3。 “提莫队长正在待命！”
ogn-198,蚀魂夜,OGN,紫色,6,2,法术,,,从你的废牌堆中打出一名单位，无视其法力费用(仍需支付所有符能费用)。
ogn-199,控潮者,OGN,紫色,2,,单位,2,,待命(支付【任意色】正面朝下放置此牌，之后可支付【0】将其当作反应牌打出。)当你打出我时，你可以选择受你控制的一名单位，然后把我移动到其所在位置，再将其移动到我原来的位置。
ogn-200,崔斯特-赌徒,OGN,紫色,4,,英雄单位,4,崔斯特,当我进攻时，展示你符文牌堆顶部的一张牌，然后将其回收。根据展示的符文特性执行以下效果: 【红】-对此处的一名敌方单位造成2点伤害并对此处所有其他敌方单位造成1点伤害。 【蓝】-抽一张牌。 【黄】-眩晕一名敌方单位。
ogn-201,反转时间线,OGN,紫色,3,1,法术,,,每名玩家弃置自己的所有手牌，然后抽四张牌。
ogn-202,金克丝-反抗者,OGN,紫色,5,1,英雄单位,5,金克丝,每当你弃置任意数量的手牌时，让我变为活跃状态，且本回合内战力+1。
ogn-202a,金克丝-反抗者（异画）,OGN,紫色,5,1,英雄单位,5,金克丝,: 每当你弃置任意数量的手牌时，让我变为活跃状态，且本回合内战力+1。
ogn-203,据为己有,OGN,紫色,8,3,法术,,,迅捷(可在你的回合或法术对决中打出。) 选择战场上的一名敌方单位，获得它的控制权并将其召回。(将其送到你的基地。此动作不被视为移动。)
ogn-204,不和之印,OGN,紫色,0,1,装备,,,横置：反应-获得【紫】，用以支付符能费用。(获得费用资源的技能无法成为其他法术的反应目标。)
ogn-205,亚索-乘风归,OGN,紫色,5,1,英雄单位,4,亚索,游走（我可以向其他战场进行移动。） 当我在一个回合内进行了第三次移动，你获得1分。
ogn-205a,亚索-乘风归（异画）,OGN,紫色,5,1,英雄单位,4,亚索,游走（我可以向其他战场进行移动。） 当我在一个回合内进行了第三次移动，你获得1分。
ogn-206,背靠背,OGN,黄色,3,,法术,,,反应(可在任意时机打出，甚至先于其他法术和技能的结算。) 让两名友方单位本回合内战力 +2。
ogn-207,荣耀召唤,OGN,黄色,3,,法术,,,反应(可在任意时机打出，甚至先于其他法术和技能的结算。) 打出此牌时，你可以选择消耗一个增益作为额外费用，以此无视本法术的费用。让一名单位本回合内战力+3。
ogn-208,冷血贵族,OGN,黄色,4,,单位,6,,你必须摧毁一名友方单位，作为打出我的额外费用。
ogn-209,清理门户,OGN,黄色,2,1,法术,,,每名玩家选择并摧毁一名自己的单位。
ogn-210,莽莽魄罗,OGN,黄色,2,,单位,2,,强攻(如果我是进攻方，则战力+1。)
ogn-211,忠实的工坊主,OGN,黄色,3,,单位,2,,当你打出我时，在此处额外打出一名1战力的“随从”。
ogn-212,未来熔炉,OGN,黄色,2,,法术,,,当你打出此牌时，打出一名1战力的“随从”到你的基地。 你可以选择摧毁此装备，以此从任意废牌堆中回收最多四张卡牌。
ogn-213,暗刃,OGN,黄色,2,1,法术,,,待命（支付任意颜色符文正面朝下放置此牌，之后可以支付0将其当做反应牌打出。）迅捷（刻在你的回合或法术对决中打出）摧毁战场中的一名单位，然后让其控制者抽两张牌。
ogn-214,序理符文,OGN,黄色,,,符文,,,
ogn-214a,序理符文（异画）,OGN,黄色,,,符文,,,
ogn-215,躁烈的副官,OGN,黄色,5,,单位,5,,强攻(如果我是进攻方，则战力+1。)
ogn-216,侦察飞鹰,OGN,黄色,2,,单位,1,,绝念：召出一枚休眠的符文。(当我被摧毁后，发动此效果。)
ogn-217,崔法利求战者,OGN,黄色,2,,单位,2,,鼓舞-当你打出我时，给予我增益。(如果我未拥有增益，则我获得一个战力+1增益。如果你在本回合内已打出过其他卡牌，则发动此效果。)
ogn-218,先锋队长,OGN,黄色,3,1,单位,3,,鼓舞：当你打出我时，在此处额外打出两名1战力的“随从”。(当你打出我时，如果你在本回合内已打出过其他卡牌，则发动此效果。)
ogn-219,先锋中士,OGN,黄色,4,,单位,4,,他知道自己的命令：坚守阵线，否则功亏一篑。
ogn-220,强手裂颅,OGN,黄色,2,,法术,,,待命(支付【任意色】正面朝下放置此牌，之后可支付【0】将其当作反应牌打出。) 迅捷(可在你的回合或法术对决中打出。) 眩晕位于同一个战场上的一名友方单位和一名敌方单位。(使其在本回合内无法造成战斗伤害。)
ogn-221,帝国谕令,OGN,黄色,5,2,法术,,,迅捷(可在你的回合或法术对决中打出。) 在本回合内，每当任意单位承受伤害时，直接将它摧毁。
ogn-222,诺克萨斯鼓手,OGN,黄色,3,,单位,3,,当我移动到一处战场时，在此处打出一名1战力的“随从”(它也位于此战场)。
ogn-223,巅峰守护者,OGN,黄色,6,1,单位,5,,当你打出我时，给予我增益。如果你将我打出到一处战场，则给予此处包括我在内的所有友方单位增益。(每名未拥有增益的单位获得一个战力+1增益。)
ogn-224,废物利用,OGN,黄色,2,1,装备,,,迅捷(可在你的回合或法术对决中打出。) 你可以选择摧毁一件装备，然后抽一张牌。
ogn-225,烈阳首领,OGN,黄色,5,1,单位,4,,当你打出我时，选择一名敌方单位，将其眩晕(使其在本回合内无法造成战斗伤害)。如果它此前已被眩晕，则改为将其摧毁。
ogn-226,幽灵主母,OGN,黄色,4,2,单位,4,,当你打出我时，你可以选择从你的废牌堆中打出一名费用不高于【3】且不高于【任意色】的单位，无需支付打出费用。
ogn-227,烈阳徽记,OGN,黄色,1,,法术,,,当你作为进攻方时，如果战斗以平局告终，则召回双方所有单位。(把该单位送回基地，此行动不算作移动。平局将在造成战斗伤害后结算。)
ogn-228,先锋之盔,OGN,黄色,2,,装备,,,"每当一名拥有增益的友方单位被摧毁时,给予另一名友方单位增益。(如果该单位未拥有增益，则获得一个战力+1增益。)"
ogn-229,复仇,OGN,黄色,4,2,法术,,,摧毁一名单位。
ogn-230,阿不思·菲罗斯,OGN,黄色,4,,单位,3,,当你打出我时，可选择消耗任意数量的增益。每消耗一个增益，便召出一枚休眠符文。
ogn-231,莱卓斯指挥官,OGN,黄色,6,4,单位,8,,当你打出我时，你可以选择摧毁任意数量的友方单位作为额外费用。每用这个方法摧毁一个友方单位，便让我的费用减少【黄】。 法盾（对手必须支付【任意色】才能将我选作法术或技能的目标。） 游走（我可以向其他战场进行移动。）
ogn-232,菲奥娜-所向披靡,OGN,黄色,4,,英雄单位,4,菲奥娜,如果我变为强力单位，则我获得法盾、游走和坚守(战力达到5或以上时，即为强力单位。)
ogn-233,宏伟战略,OGN,黄色,6,3,法术,,,迅捷(可在你的回合或法术对决中打出。) 在本回合内，让所有友方单位战力+5。
ogn-234,龙骑兵,OGN,黄色,8,2,单位,6,,当你打出我时，摧毁一名敌方单位。
ogn-235,卡尔玛-圣灵之媒,OGN,黄色,6,1,英雄单位,6,卡尔玛,预知(当你打出我时，查看主牌堆顶部的一张牌，你可以选择将其回收。) 每当你回收任意数量的卡牌时，给予一名友方单位增益。(如果该单位未拥有增益，则获得一个战力+1增益。符文不被视为卡牌。)
ogn-236,卡尔萨斯-永恒颂葬,OGN,黄色,3,1,英雄单位,3,卡尔萨斯,你的所有绝念效果可以额外触发一次。
ogn-237,国王诏令,OGN,黄色,6,2,法术,,,从下一名玩家开始，每名其他玩家选择一个不受你控制且未被此法术选中过的单位，然后摧毁选中的所有单位。
ogn-238,蕾欧娜-炽诚者,OGN,黄色,4,1,英雄单位,4,蕾欧娜,坚守(如果我是防守方，则战力+1。) 当我进攻时，眩晕此处的一名敌方单位。(使其在本回合内无法造成战斗伤害。)
ogn-238a,蕾欧娜-炽诚者（异画）,OGN,黄色,4,1,英雄单位,4,蕾欧娜,坚守(如果我是防守方，则战力+1。) 当我进攻时，眩晕此处的一名敌方单位。(使其在本回合内无法造成战斗伤害。)
ogn-239,机械戏法师,OGN,黄色,5,1,单位,4,,绝念：打出三名1战力的“随从”到你的基地。(当我被摧毁后，发动此效果。)
ogn-240,瑟提-魁首,OGN,黄色,4,1,英雄单位,5,瑟提,璧垒(我在战斗中首先承担伤害。) 我所处的战场每有一名拥有增益的友方单位，我便获得战力+1。
ogn-240a,瑟提-魁首（异画）,OGN,黄色,4,1,英雄单位,5,瑟提,璧垒(我在战斗中首先承担伤害。) 我所处的战场每有一名拥有增益的友方单位我便获得战力+1。
ogn-241,慎-均衡守中,OGN,黄色,3,1,英雄单位,3,慎,反应（可在任意时机打出，甚至先于其他法术和技能的结算，并能打出到你控制的战场。） 坚守2（如果我是防守方，则战力+2。） 壁垒（我在战斗中首先承担伤害。）
ogn-242,海兽钓钩,OGN,黄色,3,,装备,,,"支付【1】和【黄】，休眠：摧毁一名友方单位,然后查看主牌堆顶部的五张牌。你可以选择从中打出一名战力比被摧毁单位最多高1点的单位卡牌，无视费用，然后回收其余的卡牌。"
ogn-243,德莱厄斯-处刑官,OGN,黄色,6,1,英雄单位,6,德莱厄斯,鼓舞：当你打出我时，让我变为活跃状态。(如果你在本回合内已打出过其他卡牌，则发动此效果。) 此处的其他友方单位获得战力+1。
ogn-243a,德莱厄斯-处刑官（异画）,OGN,黄色,6,1,英雄单位,6,德莱厄斯,鼓舞：当你打出我时，让我变为活跃状态。(如果你在本回合内已打出过其他卡牌，则发动此效果。) 此处的其他友方单位获得战力+1。
ogn-244,圣裁之刻,OGN,黄色,7,,法术,,,每名玩家分别选择自己的两名单位、两件装备、两枚符文和两张手牌留在原位，然后回收其余卡牌。
ogn-245,团结之印,OGN,黄色,0,1,装备,,,横置：反应-获得【黄】，用以支付符能费用。（获得费用资源的技能无法成为其它法术的反应目标。）
ogn-246,维克托-领袖,OGN,黄色,4,1,英雄单位,4,维克托,如果我在场上，则每当你的另一名非“随从”单位被摧毁时，打出一名1战力的“随从”到你的基地。
ogn-246a,维克托-领袖（异画）,OGN,黄色,4,1,英雄单位,4,维克托,如果我在场上，则每当你的另一名非“随从”单位被摧毁时，打出一名1战力的“随从”到你的基地。
ogn-247,虚空之女-卡莎,OGN,"红色,蓝色",,,传奇,,卡莎,横置：反应-获得【任意色】，但仅可用于打出法术。(获得费用资源的技能无法成为其他法术的反应目标。)
ogn-248,艾卡西亚暴雨,OGN,"红色,蓝色",7,3,专属法术,,卡莎,进行六次： 对一名单位造成2点伤害。(你可以选择不同的单位。)
ogn-249,不灭狂雷-沃利贝尔,OGN,"红色,橙色",,,传奇,,沃利贝尔,当你打出一名【强力】单位时，你可以选择让我变为休眠状态，以此召出一枚休眠的符文。（战力达到5或以上时，即为强力单位。）
ogn-250,天声震落,OGN,"红色,橙色",6,2,专属法术,,沃利贝尔,选择你基地中的一名友方单位，对一处战场上的所有敌方单位造成等同于该友方单位战力的伤害，然后将该友方单位移动到此战场。
ogn-251,暴走萝莉-金克丝,OGN,"红色,紫色",,,传奇,,金克丝,在你的回合开始阶段，如果你的手牌不足两张，则再抽一张牌。
ogn-252,超究极死亡飞弹,OGN,"红色,紫色",4,1,专属法术,,金克丝,对一名单位造成5点伤害。每当你征服一处战场时，你可以选择弃置一张手牌，以此让此牌从废牌堆返回你的手牌。
ogn-253,诺克萨斯之手-德莱厄斯,OGN,"红色,黄色",,,传奇,,德莱厄斯,横置：反应，鼓舞-获得【1】费(获得费用资源的技能无法成为其他法术的反应目标。如果你在本回合内已打出过其他卡牌，则发动此效果。)
ogn-254,诺克萨斯断头台,OGN,"红色,黄色",4,1,专属法术,,德莱厄斯,迅捷（可在你的回合或法术对决中打出） 选择1名单位，在它本回合下次受到伤害时，将其摧毁。 鼓舞-改为立即将其摧毁。（如果你在本回合内已打出过其他卡牌，则发动此效果。）
ogn-255,九尾妖狐-阿狸,OGN,"绿色,蓝色",,,传奇,,阿狸,当敌方单位进攻你控制的战场时，让其本回合内战力-1，不得低于1战力。
ogn-256,妖异狐火,OGN,"绿色,蓝色",3,,专属法术,,阿狸,待命(支付【任意色】正面朝下放置此牌，之后可支付【0】费将其当作反应牌打出。) 迅捷(可在你的回合或法术对决中打出。) 摧毁一处战场中任意数量的单位，这些单位总计战力不得高于4。
ogn-257,盲僧-李青,OGN,"绿色,橙色",,,传奇,,李青,支付【1】费，横置：给予一名友方单位增益。(如果该单位未拥有增益，则获得一个战力+1增益。)
ogn-258,猛龙摆尾,OGN,"绿色,橙色",4,1,专属法术,,李青,移动一名敌方单位。随后，在其目的地处选择另一名敌方单位，让这两名单位相互以自身战力给对方造成伤害。
ogn-259,疾风剑豪-亚索,OGN,"绿色,紫色",,,传奇,,亚索,支付【2】，横置：在战场和其所属基地之间移动一名友方单位。
ogn-260,狂风绝息斩,OGN,"蓝色,紫色",3,2,专属法术,,亚索,迅捷(可在你的回合或法术对决中打出。) 让一名友方单位变为活跃状态，并对任意战场上的一名敌方单位造成等同于该友方单位战力的伤害。
ogn-261,曙光女神-蕾欧娜,OGN,"绿色,黄色",,,传奇,,蕾欧娜,每当你眩晕任意数量的敌方单位时，给予一名友方单位增益。(如果该单位未拥有增益：则获得一个战力+1增益。)
ogn-262,天顶之刃,OGN,"绿色,黄色",3,1,专属法术,,蕾欧娜,迅捷 (可在你的回合或法术对决中打出。) 眩晕任意战场上的一名敌方单位。你可以选择将一名友方单位移动至该敌方单位的战场上。(被眩晕的单位在本回合内无法造成战斗伤害。)
ogn-263,迅捷斥候-提莫,OGN,"蓝色,紫色",,,传奇,,提莫,你可以选择支付【1】来正面朝下放置一张带有待命属性的卡牌，而不支付【任意】。支付【1】，横置：将一张英雄区域或场上的提莫单位卡牌放入你的手牌。
ogn-264,游击战,OGN,"蓝色,紫色",2,1,专属法术,,提莫,让最多两张待命卡牌从废牌堆里返回你的手牌。在本回合内，你可以无视费用地正面朝下布置待命卡牌。
ogn-265,奥术先驱-维克托,OGN,"蓝色,黄色",,,传奇,,维克托,支付【1】，横置：打出1名1战力”随从“。
ogn-266,虹吸能量,OGN,"蓝色,黄色",2,1,专属法术,,维克托,反应(可在任意时机打出，甚至先于其他法术和技能的结算。) 选择一个战场，让该处的所有友方单位战力+1，而敌方单位战力-1，不得低于1战力，直到回合结束。
ogn-267,赏金猎人-厄运小姐,OGN,"橙色,紫色",,,传奇,,厄运小姐,横置：让我一名单位本回合获得游走。（它可以向其他战场进行移动。）
ogn-268,弹幕时间,OGN,"橙色,紫色",1,,专属法术,,厄运小姐,迅捷（可在你的回合或法术对决中打出。）支付任意数量的【符文】，对一处战场上的所有敌方单位造成或等同于该数量的伤害
ogn-269,腕豪-瑟提,OGN,"橙色,黄色",,,传奇,,瑟提,每当一名拥有增益且受你控制的单位被摧毁时你可以选择支付【任意色】让我变为休眠状态，以此消耗该单位身上的增益，然后改为以休眠状态将其召回。（把该单位送回基地，此行动不算作移动。） 当你征服一处战场时，让我变为活跃状态。
ogn-270,叹为观止,OGN,"橙色,黄色",1,1,专属法术,,瑟提,给予你基地中的一名友方单位增益，然后将其移动到一处战场。(如果该单位未拥有增益则获得一个战力+1增益。)
ogn-271,随从,OGN,无色,,,指示物单位,1,,“对我们一个人出手，就是对我们所有人出手。”
ogn-272,随从,OGN,无色,,,指示物单位,1,,“要争得崔法利的名号，可没那么容易。”
ogn-273,随从（祖安）,OGN,无色,,,指示物单位,1,,“我们才是未来。”
ogn-274,精灵,OGN,无色,,,指示物单位,3,,瞬息(在控制者的下个回合开始阶段，结算得分之前将我摧毁。)
ogn-275,团结圣坛,OGN,,,,战场,,,当你据守此处时，打出一名1战力”随从“到你的基地。
ogn-276,攀圣长阶,OGN,,,,战场,,,使赢得游戏所需的分数+1。
ogn-277,后巷酒吧,OGN,,,,战场,,,每当一名单位从此处向别处移动时，让其本回合内战力+1。
ogn-278,班德尔树,OGN,,,,战场,,,你可以选择在此处额外布置一张待命卡牌。
ogn-279,强化阵地,OGN,,,,战场,,,当你防守此处时，选择一名单位，使其在本次战斗期间获得坚守2(如果它是防守方，则战力+2。)
ogn-280,帝柳之林,OGN,,,,战场,,,当你据守此处时，抽一张牌。
ogn-281,圣化之墓,OGN,,,,战场,,,当你据守此处时，如果你的英雄区域已无英雄单位牌，则可以选择让该英雄从废牌堆中返回英雄区域。
ogn-282,希拉娜修道院,OGN,,,,战场,,,当你征服此处时，你可以选择消耗一个增益，以此抽一张牌。
ogn-283,纳沃利角斗场,OGN,,,,战场,,,当你据守此处时，给予此处的一名单位增益。(如果该单位未拥有增益，则获得一个战力+1增益。)
ogn-284,力量方尖碑,OGN,,,,战场,,,每名玩家在各自第一个开始阶段，额外召出一枚符文。
ogn-285,劫掠船巷,OGN,,,,战场,,,当你防守此处时，你可以将此处的一名友方单位移动回基地。
ogn-286,清算人竞技场,OGN,,,,战场,,,当你据守此处时，激活此处所有单位的征服效果。
ogn-287,雷霆之纹,OGN,,,,战场,,,当你征服此处时，回收一枚你的符文。
ogn-288,星尖峰,OGN,,,,战场,,,当你据守此处时，你可以选择召出一枚休眠的符文。
ogn-289,巨神峰之巅,OGN,,,,战场,,,当你征服此处时，选择两枚符文，并在本回合结束时，让它们变为活跃状态。
ogn-290,荣耀竞技场,OGN,,,,战场,,,每名玩家在各自的第一个回合开始阶段，获得1分。
ogn-291,烛光圣殿,OGN,,,,战场,,,当你征服此处时，查看主牌堆顶部的两张牌。你可以选择从这两张牌中回收任意数量的卡牌，并将其余的卡牌按任意顺序放回原处。
ogn-292,幻梦之树,OGN,,,,战场,,,每回合首次:当你对此处的友方单位使用法术时，抽一张牌。
ogn-293,宏伟广场,OGN,,,,战场,,,当你据守此处，且在此拥有至少七名单位时，你赢得游戏胜利。
ogn-294,崔法利兵营,OGN,,,,战场,,,此处的所有单位获得战力+1。（包括进攻方单位。）
ogn-295,卑鄙之喉的巢穴,OGN,,,,战场,,,单位无法从此处移动到基地。
ogn-296,虚空之门,OGN,,,,战场,,,以此处的单位作为目标的法术或技能，造成的伤害+1（每段伤害都+1）
ogn-297,疾风山丘,OGN,,,,战场,,,此处的单位获得游走（他们可以向其他战场进行移动）
ogn-298,祖安地沟,OGN,,,,战场,,,当你征服此处时，弃置一张手牌，然后抽一张牌。
ogn-299,虚空之女-卡莎（超编）,OGN,"红色,蓝色",,,传奇,,卡莎,横置：反应-获得【任意色】，但仅可用于打出法术。(获得费用资源的技能无法成为其他法术的反应目标。)
ogn-299s,虚空之女-卡莎（签名）,OGN,"红色,蓝色",,,传奇,,卡莎,横置：反应-获得【任意色】，但仅可用于打出法术。(获得费用资源的技能无法成为其他法术的反应目标。)
ogn-300,不灭狂雷-沃利贝尔（超编）,OGN,"红色,橙色",,,传奇,,沃利贝尔,当你打出一名【强力】单位时，你可以选择让我变为休眠状态，以此召出一枚休眠的符文。（战力达到5或以上时，即为强力单位。）
ogn-300s,不灭狂雷-沃利贝尔（签名）,OGN,"红色,橙色",,,传奇,,沃利贝尔,当你打出一名【强力】单位时，你可以选择让我变为休眠状态，以此召出一枚休眠的符文。（战力达到5或以上时，即为强力单位。）
ogn-301,暴走萝莉-金克丝（超编）,OGN,"红色,紫色",,,传奇,,金克丝,在你的回合开始阶段，如果你的手牌不足两张，则再抽一张牌。
ogn-301s,暴走萝莉-金克丝（签名）,OGN,"红色,紫色",,,传奇,,金克丝,在你的回合开始阶段，如果你的手牌不足两张，则再抽一张牌。
ogn-302,诺克萨斯之手-德莱厄斯（超编）,OGN,"红色,黄色",,,传奇,,德莱厄斯,横置：反应，鼓舞-获得【1】费(获得费用资源的技能无法成为其他法术的反应目标。如果你在本回合内已打出过其他卡牌，则发动此效果。)
ogn-302s,诺克萨斯之手-德莱厄斯（签名）,OGN,"红色,黄色",,,传奇,,德莱厄斯,横置：反应，鼓舞-获得【1】费(获得费用资源的技能无法成为其他法术的反应目标。如果你在本回合内已打出过其他卡牌，则发动此效果。)
ogn-303,九尾妖狐-阿狸（超编）,OGN,"绿色,蓝色",,,传奇,,阿狸,当敌方单位进攻你控制的战场时，让其本回合内战力-1，不得低于1战力。
ogn-303s,九尾妖狐-阿狸（签名）,OGN,"绿色,蓝色",,,传奇,,阿狸,当敌方单位进攻你控制的战场时，让其本回合内战力-1，不得低于1战力。
ogn-304,盲僧-李青（超编）,OGN,"绿色,橙色",,,传奇,,李青,支付【1】费，横置：给予一名友方单位增益。(如果该单位未拥有增益，则获得一个战力+1增益。)
ogn-304s,盲僧-李青（签名）,OGN,"绿色,橙色",,,传奇,,李青,支付【1】费，横置：给予一名友方单位增益。(如果该单位未拥有增益，则获得一个战力+1增益。)
ogn-305,疾风剑豪-亚索（超编）,OGN,"绿色,紫色",,,传奇,,亚索,支付【2】费，横置：在战场和其所属基地之间移动1名友方单位。
ogn-305s,疾风剑豪-亚索（签名）,OGN,"绿色,紫色",,,传奇,,亚索,支付【2】费，横置：在战场和其所属基地之间移动1名友方单位。
ogn-306,曙光女神-蕾欧娜（超编）,OGN,绿色,,,传奇,,蕾欧娜,每当你眩晕任意数量的敌方单位时，给予一名友方单位增益。(如果该单位未拥有增益：则获得一个战力+1增益。)
ogn-306s,曙光女神-蕾欧娜（签名）,OGN,"绿色,黄色",,,传奇,,蕾欧娜,每当你眩晕任意数量的敌方单位时，给予一名友方单位增益。(如果该单位未拥有增益：则获得一个战力+1增益。)
ogn-307,迅捷斥候-提莫（超编）,OGN,"蓝色,紫色",,,传奇,,提莫,你可以选择支付【1】来正面朝下放置一张带有待命属性的卡牌，而不支付【任意】。支付【1】，横置：将一张英雄区域或场上的提莫单位卡牌放入你的手牌。
ogn-307s,迅捷斥候-提莫（签名）,OGN,"蓝色,紫色",,,传奇,,提莫,你可以选择支付【1】来正面朝下放置一张带有待命属性的卡牌，而不支付【任意】。支付【1】，横置：将一张英雄区域或场上的提莫单位卡牌放入你的手牌。
ogn-308,奥术先驱-维克托（超编）,OGN,"蓝色,黄色",,,传奇,,维克托,支付【1】，横置：打出1名1战力”随从“。
ogn-308s,奥术先驱-维克托（签名）,OGN,"蓝色,黄色",,,传奇,,维克托,支付【1】，横置：打出1名1战力”随从“。
ogn-309,赏金猎人-厄运小姐（超编）,OGN,"橙色,紫色",,,传奇,,厄运小姐,横置：让我一名单位本回合获得游走。（它可以向其他战场进行移动。）
ogn-309s,赏金猎人-厄运小姐（签名）,OGN,"橙色,紫色",,,传奇,,厄运小姐,横置：让我一名单位本回合获得游走。（它可以向其他战场进行移动。）
ogn-310,腕豪-瑟提（超编）,OGN,"橙色,黄色",,,传奇,,瑟提,每当一名拥有增益且受你控制的单位被摧毁时你可以选择支付【任意色】让我变为休眠状态，以此消耗该单位身上的增益，然后改为以休眠状态将其召回。（把该单位送回基地，此行动不算作移动。） 当你征服一处战场时，让我变为活跃状态。
ogn-310s,腕豪-瑟提（签名）,OGN,"橙色,黄色",,,传奇,,瑟提,每当一名拥有增益且受你控制的单位被摧毁时你可以选择支付【任意色】让我变为休眠状态，以此消耗该单位身上的增益，然后改为以休眠状态将其召回。（把该单位送回基地，此行动不算作移动。） 当你征服一处战场时，让我变为活跃状态。
ogn-311,增益,OGN,无色,,,,,,每名单位最多拥有一个增益。
ogs-001,安妮-汹涌烈焰,OGS,红色,5,1,英雄单位,4,安妮,你的法术和技能造成的伤害+1(每段伤害都+1)。
ogs-002,烈火风暴,OGS,红色,6,1,法术,,,对一处战场的所有敌方单位各造成3点伤害。
ogs-003,焚烧,OGS,红色,2,,法术,,,迅捷(可在你的回合或法术对决中打出。) 对战场的一名单位造成2点伤害。
ogs-004,易-禅心大道,OGS,绿色,5,1,英雄单位,4,易,如果你拥有不少于八枚符文，则我获得战力+4。
ogs-005,和风贤者,OGS,绿色,6,1,单位,6,,坚守(如果我是防守方，则战力+1。)
ogs-006,拉克丝-明丽光华,OGS,蓝色,6,1,英雄单位,5,拉克丝,每当你打出费用不低于【5】的法术时，让我本回合内战力+3。
ogs-007,盖伦-身经百战,OGS,橙色,6,1,英雄单位,5,盖伦,强攻2(如果我是进攻方，则战力+2。) 坚守2(如果我是防守方，则战力+2。)
ogs-008,绅士决斗,OGS,橙色,6,1,法术,,,迅捷(可在你的回合或法术对决中打出。) 让一名友方单位本回合内战力+3。随后，选择一名敌方单位，让这两名单位相互以自身战力给对方造成伤害。
ogs-009,易-锋芒毕现,OGS,橙色,7,1,英雄单位,6,易,游走(我可以向其他战场进行移动。) 我以活跃状态进场。
ogs-010,安妮-野火丛生,OGS,紫色,4,1,英雄单位,3,安妮,当你打出我时，让一张法术牌从你的废牌堆返回你的手牌。
ogs-011,闪现,OGS,紫色,2,,法术,,,反应(可在任意时机打出，甚至先于其他法术和技能的结算。) 将最多两名友方单位从战场上移动到基地。
ogs-012,爆能术,OGS,黄色,6,1,法术,,,迅捷(可在你的回合或法术对决中打出。) 摧毁战场上的一名单位。
ogs-013,盖伦-剑尉长,OGS,黄色,6,1,英雄单位,5,盖伦,此处的其他友方单位获得战力+1。
ogs-014,拉克丝-冕卫之光,OGS,黄色,4,,英雄单位,2,拉克丝,反应-获得【2】费，但仅可用于打出法术（获得费用资源的技能无法成为其他法术的反应目标。）
ogs-015,共同献身,OGS,黄色,6,,法术,,, 迅捷(可在你的回合或法术对决中打出。) 打出四名1战力的“随从”。(可以将其打出到你的基地或你已控制的战场。)
ogs-016,先锋扈从,OGS,黄色,6,1,单位,5,,我以活跃状态进场。
ogs-017,黑暗之女-安妮,OGS,"红色,紫色",,,传奇,,安妮,在你回合结束时，让两枚符文变为活跃状态。
ogs-018,提伯斯,OGS,"红色,紫色",8,2,专属单位,7,安妮,当你打出我时，对所有战场上的单位各造成3点伤害。
ogs-019,无极剑圣-易,OGS,"绿色,橙色",,,传奇,,易,如果你只有一名友方单位防守一处战场，则该单位战力+2。
ogs-020,高原血统,OGS,"绿色,橙色",4,,专属法术,,易, 反应(可在任意时机打出，甚至先于其他法术和技能的结算。) 选择一名友方单位。如果该单位在本回合内被摧毁，则改为以休眠状态将其召回。(把该单位送回基地，此行动不算作移动。)
ogs-021,光辉女郎-拉克丝,OGS,"蓝色,黄色",,,传奇,,拉克丝, 每当你打出一张费用不低于【5】的法术时，抽一张牌。
ogs-022,终极闪光,OGS,"蓝色,黄色",8,,专属法术,,拉克丝,迅捷(可在你的回合或法术对决中打出。) 对一名单位造成8点伤害。
ogs-023,德玛西亚之力-盖伦,OGS,"黄色,橙色",,,传奇,,盖伦, 当你征服一处战场时，如果你在该战场上拥有不少于四名单位，则抽两张牌。
ogs-024,致命打击,OGS,"黄色,橙色",5,1,专属法术,,盖伦,迅捷(可在你的回合或法术对决中打出。) 在本回合内，让所有友方单位战力+2。
